isin,nome
IE000VYO9NT0,FINECO AM MSCI ACWI IMI CYBER SECURITY UCITS ETF
IE000O2G7VL0,FINECO AM MSCI EUR HY SRI SUSTAINABLE CORPORATE BOND UCITS ETF
IE000W6ZFH20,EUR Corporate Bond - Short Term
IE000NPK2VI6,FINECO AM MSCI EUR IG SRI SUSTAINABLE EX FOSSIL FUEL CORPORATE BOND UCITS ETF
IE0000JVOLK2,FINECO AM MSCI USD HY SRI SUSTAINABLE CORPORATE BOND UCITS ETF
IE000WMJVNE9,FINECO AM MSCI USD IG LIQUID SRI SUSTAINABLE CORPORATE BOND UCITS ETF
IE0006XQ3YX3,FINECO AM MSCI WORLD CONSUMER STAPLES ESG LEADERS UCITS ETF
IE000VDP6OY8,FINECO AM MSCI WORLD FINANCIALS ESG LEADERS UCITS ETF
IE000SACNHU2,Other Equity
IE000EE3Q489,FINECO AM MSCI WORLD METALS AND MINING UCITS ETF
IE000C87OS21,Other Equity
IE000J8VOMQ9,FINECOAM MKTVECTOR AI ESG UCITS ETF
IE000QU8JEH5,FINECOAM MKTVECTOR AI ESG UCITS ETF
IE000RWFQT12,FINECOAM MKTVECTOR BIOTECHTOOLS ETF
IE000YXUZAN8,FINECOAM MKTVECTOR BIOTECHTOOLS ETF
IE000VAKCHT4,FINECOAM MKTVECTOR GLOCLEANENRGY ETF
IE000PN3F926,FINECOAM MKTVECTOR GLOCLEANENRGY ETF
IE000WCPJOV4,FINECOAM MKTVECTOR GLOMTA EGAME ETF
IE000HA0OM03,FINECOAM MKTVECTOR GLOMTA EGAME ETF
IE000QCDDND5,FINECOAM MKTVECTOR JAP QUALTILT ETF
IE000SM6I1K9,FINECOAM MKTVECTOR JAP QUALTILT ETF
LU0322252171,Xtrackers MSCI AC Asia ex Japan ESG Swap UCITS
LU0292106167,Xtrackers Bloomberg Commodity ex-Agriculture & Livestock Swap UCITS ETF 1C EUR Hedged
LU0659579733,LU0292106167 Xtrackers MSCI World Swap UCITS ETF 4C - EUR Hedged
LU0290358497,Xtrackers II EUR Overnight Rate Swap UCITS ETF 1C
LU0779800910,LU0290358497 Xtrackers II EUR Overnight Rate Swap UCITS ETF 1C Xtrackers CSI300 Swap UCITS ETF 1C
LU0274211480,Xtrackers DAX UCITS ETF 1C
LU0380865021,Xtrackers Euro Stoxx 50 UCITS ETF 1C
LU0274211217,Xtrackers Euro Stoxx 50 UCITS ETF 1D
LU0292095535,LU0274211217 Xtrackers Euro Stoxx 50 UCITS ETF 1D Xtrackers Euro Stoxx Quality Dividend UCITS ETF
LU0489337690,Xtrackers FTSE Developed Europe Real Estate UCITS ETF 1C
LU0274212538,Xtrackers FTSE MIB UCITS ETF 1D
LU0322252924,Xtrackers FTSE Vietnam Swap UCITS ETF 1C
LU2376679564,Xtrackers Harvest MSCI China Tech 100 UCITS ETF 1C
LU0875160326,Xtrackers Harvest CSI300 UCITS ETF 1D
LU0322250712,Xtrackers LPX Private Equity Swap UCITS ETF 1C
LU0292109344,LU0322250712 Alternatives Xtrackers MSCI Brazil UCITS ETF 1C
LU0514695690,Xtrackers MSCI Brazil UCITS ETF 1C Xtrackers MSCI China UCITS ETF 1C
LU2456436083,Xtrackers MSCI China UCITS ETF 1D
LU0292107645,Xtrackers MSCI Emerging Markets Swap UCITS ETF 1C
LU0846194776,LU0292107645 Xtrackers MSCI Emerging Markets Swap UCITS ETF 1C Xtrackers MSCI EMU UCITS ETF 1D
LU0322253906,Xtrackers MSCI EMU UCITS ETF 1D Xtrackers MSCI Europe Small Cap UCITS ETF 1C
LU0274209237,Xtrackers MSCI Europe Small Cap UCITS ETF 1C Xtrackers MSCI Europe UCITS ETF 1C
LU0476289623,Xtrackers MSCI Indonesia Swap UCITS ETF 1C
LU0659580079,Xtrackers MSCI Japan UCITS ETF 4C - EUR Hedged
LU0274209740,LU0659580079 Xtrackers MSCI Japan UCITS ETF 4C - EUR Hedged Xtrackers MSCI Japan UCITS ETF 1C
LU0476289466,Xtrackers MSCI Mexico UCITS ETF 1C
LU0274210672,Xtrackers MSCI USA Swap UCITS ETF 1C
LU0274208692,Xtrackers MSCI World Swap UCITS ETF 1C
LU0292109690,Xtrackers Nifty 50 Swap UCITS ETF 1C
LU0397221945,Xtrackers Portfolio UCITS ETF 1C
LU2009147757,Xtrackers S&P 500 Swap UCITS ETF 1D
LU0490618542,Xtrackers S&P 500 Swap UCITS ETF 1C
LU2196472984,Xtrackers S&P 500 Swap UCITS ETF 5C EUR Hedged
LU0322253229,Xtrackers S&P Global Infrastructure Swap UCITS ETF 1C
LU0328476410,LU0322253229 Xtrackers S&P Global Infrastructure Swap UCITS ETF 1C Xtrackers S&P Select Frontier Swap UCITS ETF 1C
LU0328475792,Xtrackers S&P Select Frontier Swap UCITS ETF 1C Xtrackers Stoxx Europe 600 UCITS ETF 1C
LU0274221281,Xtrackers Stoxx Europe 600 UCITS ETF 1C Xtrackers Switzerland UCITS ETF 1D
LU2788421340,Xtrackers Switzerland UCITS ETF 1D Xtrackers CSI500 Swap UCITS ETF 1C
LU0476289540,Xtrackers CSI500 Swap UCITS ETF 1C Xtrackers MSCI Canada ESG Screened UCITS ETF 1C
LU0292109856,Xtrackers FTSE China 50 UCITS ETF 1C
LU0292107991,Xtrackers MSCI EM Asia ESG Screened Swap UCITS ETF
LU0292104469,Xtrackers MSCI Europe In. T. Sc. UCITS ETF
LU0322253732,Xtrackers MSCI Europe Screened UCITS ETF
LU0514695187,Xtrackers MSCI India Swap UCITS ETF 1C
LU0322252338,Xtrackers MSCI Pacific ex Japan ESG Screened UCITS ETF 1C
LU1875395870,LU0322252338 Xtrackers MSCI Pacific ex Japan ESG Screened UCITS ETF 1C Xtrackers Nikkei 225 UCITS ETF 2D EUR Hedged Securities Lending Transactions
IE00BF8J5974,Xtrackers Nikkei 225 UCITS ETF 2D EUR Hedged Securities Lending Transactions
IE00BL58LJ19,Xtrackers USD Corporate Bond SRI PAB UCITS ETF
IE00BD4DXB77,Xtrackers ESG USD Emerging Markets Bond Quality Weighted UCITS ETF 2D - EUR Hedged
IE00BD4DX952,Xtrackers ESG USD Emerging Markets Bond Quality Weighted UCITS ETF 1D
IE00BYPHT736,Xtrackers iBoxx EUR Corporate Bond Yield Plus UCITS ETF 1D
IE00BGV5VN51,IE00BYPHT736 Xtrackers Artificial Intelligence & Big Data UCITS ETF
IE00BFMNHK08,Xtrackers MSCI Europe ESG UCITS ETF
IE000MCVFK47,IE00BFMNHK08 Xtrackers MSCI Europe ESG UCITS ETF
IE00BGV5VR99,Xtrackers Future Mobility UCITS ETF
IE000QVYFUT7,Xtrackers II India Government Bond UCITS ETF 1C
IE00BTJRMP35,Xtrackers MSCI Emerging Markets UCITS ETF 1C
IE00BG370F43,Xtrackers MSCI Emerging Markets ESG UCITS ETF
IE000YDOORK7,IE00BG370F43 Xtrackers MSCI Emerging Markets ESG UCITS ETF Xtrackers MSCI Fintech Innovation UCITS ETF 1C
IE000KD0BZ68,Xtrackers MSCI Genomic Healthcare Innovation UCITS 1C
IE00036F4K40,IE000KD0BZ68 Xtrackers MSCI Genomic Healthcare Innovation UCITS 1C Xtrackers MSCI Global SDG 3 Good Health UCITS ETF
IE0006FFX5U1,Xtrackers MSCI Global SDG 3 Good Health UCITS ETF Xtrackers MSCI Innovation UCITS ETF 1C
IE00BG36TC12,Xtrackers MSCI Japan ESG UCITS ETF
IE000XOQ9TK4,IE00BG36TC12 Xtrackers MSCI Japan ESG UCITS ETF Xtrackers MSCI Next Generation Internet Innovation UCITS ETF 1C
IE00BFMNPS42,Xtrackers MSCI USA ESG UCITS ETF
IE0000MMQ5M5,Xtrackers MSCI USA ESG UCITS ETF 2C – EUR Hedged
IE00BGQYRS42,Xtrackers MSCI USA Information Tech. UCITS ETF 1D
IE00BJ0KDR00,Xtrackers MSCI USA UCITS ETF 1C
IE00BM67HR47,IE00BJ0KDR00 Xtrackers MSCI USA UCITS ETF 1C Xtrackers MSCI World Telecom Services UCITS ETF 1C
IE00BM67HP23,Xtrackers MSCI World Telecom Services UCITS ETF 1C Xtrackers MSCI World Consumer Discretionary UCITS ETF 1C
IE00BM67HN09,Xtrackers MSCI World Consumer Discretionary UCITS ETF 1C Xtrackers MSCI World Consumer Staples UCITS ETF 1C
IE00BM67HM91,Xtrackers MSCI World Energy UCITS ETF 1C
IE00BZ02LR44,IE00BM67HM91 Xtrackers MSCI World Energy UCITS ETF 1C Xtrackers MSCI World ESG UCITS ETF
IE00BMY76136,Xtrackers MSCI World ESG UCITS ETF 2C - EUR hedged
IE00BM67HL84,Xtrackers MSCI World Financials UCITS ETF 1C
IE00BM67HK77,IE00BM67HL84 Xtrackers MSCI World Financials UCITS ETF 1C Xtrackers MSCI World Health Care UCITS ETF 1C
IE00BM67HV82,Xtrackers MSCI World Industrials UCITS ETF 1C
IE00BM67HT60,Xtrackers MSCI World Information Technology UCITS ETF 1C
IE00BM67HS53,IE00BM67HT60 Xtrackers MSCI World Information Technology UCITS ETF 1C Xtrackers MSCI World Materials UCITS ETF 1C
IE00BL25JN58,Xtrackers MSCI World Materials UCITS ETF 1C Xtrackers MSCI World Minimum Volatility UCITS ETF 1C
IE00BL25JP72,Xtrackers MSCI World Minimum Volatility UCITS ETF 1C Xtrackers MSCI World Momentum UCITS ETF 1C
IE00BL25JL35,Xtrackers MSCI World Quality UCITS ETF 1C
IE00BJ0KDQ92,Xtrackers MSCI World UCITS ETF 1C
IE00BM67HQ30,Xtrackers MSCI World Utilities UCITS ETF 1C
IE00BL25JM42,Xtrackers MSCI World Value UCITS ETF 1C
IE00BMFKG444,Xtrackers NASDAQ 100 UCITS ETF
IE00B3Y8D011,Xtrackers Portfolio Income UCITS ETF 1D
IE00BJZ2DD79,Xtrackers Russell 2000 UCITS ETF 1C
IE0002EI5AG0,IE00BJZ2DD79 Xtrackers Russell 2000 UCITS ETF 1C Xtrackers S&P 500 Equal Weight UCITS ETF 2C - EUR Hedged
IE00BLNMYC90,Xtrackers S&P 500 Equal Weight UCITS ETF 1C
IE00BM67HW99,Xtrackers S&P 500 UCITS ETF 1C - EUR Hedged
IE00BZ036J45,Xtrackers USD Corporate Bond UCITS ETF 2D - EUR Hedged
IE00BZ036H21,Xtrackers USD Corporate Bond UCITS ETF 1D
IE00BDR5HM97,Xtrackers USD High Yield Corporate Bond UCITS ETF 1D
IE000VXC51U5,Xtrackers MSCI AC World ESG Screened UCITS ETF 2C – EUR Hedged
IE00BGHQ0G80,Xtrackers MSCI AC World ESG Screened UCITS ETF 1C
IE00BM67HJ62,Xtrackers MSCI Emerging Markets ESG Screened UCITS ETF 1C
IE00BPVLQD13,IE00BM67HJ62 Xtrackers MSCI Emerging Markets ESG Screened UCITS ETF 1C Xtrackers MSCI Japan ESG Screened UCITS ETF
IE00BRB36B93,Xtrackers MSCI Japan ESG Screened UCITS ETF Xtrackers MSCI Japan ESG Screened UCITS ETF – EUR Hedged
IE000TSML5I8,Xtrackers MSCI USA ESG Screened UCITS ETF 2C - Eur Hedged
IE00BJZ2DC62,Xtrackers MSCI USA ESG Screened UCITS ETF
IE0003NQ0IY5,IE00BJZ2DC62 Xtrackers MSCI USA ESG Screened UCITS ETF Xtrackers MSCI World Quality ESG UCITS ETF 1C Securities Lending Transactions
IE00BCHWNQ94,Xtrackers MSCI World ESG Screened UCITS ETF
IE000LAUZQT6,Xtrackers MSCI World Value ESG UCITS ETF 1C
IE0006WW1TQ4,Xtrackers MSCI World ex USA UCITS ETF 1C Securities Lending Transactions
IE0004MFRED4,Xtrackers MSCI World ex USA UCITS ETF 1C Securities Lending Transactions Xtrackers S&P 500 Equal Weight ESG UCITS ETF 1C
IE000IDLWOL4,Xtrackers S&P 500 Equal Weight Scored & Screened UCITS ETF 2C EUR Hdg
IE00BM97MR69,Xtrackers US Treasuries Ultrashort Bond UCITS ETF 1C
LU2178481649,Xtrackers II EUR Corporate Bond Short Duration SRI PAB UCITS ETF
LU0925589839,LU2178481649
LU1109942653,
LU0962078753,Xtrackers II Global Inflation-Linked Bond UCITS ETF 1D - EUR Hedged
LU2385068593,Xtrackers II ESG Global Government Bond UCITS ETF 4D - EUR Hedged
LU2385068163,Xtrackers II ESG Global Government Bond UCITS ETF 1D
LU0484968812,Xtrackers II ESG EUR Corporate Bond SRI PAB UCITS ETF 1D
LU2504537445,Xtrackers II Eurozone Government Bond ESG Tilted UCITS ETF 1D
LU0494592974,Xtrackers II Australia Government Bond UCITS ETF 1C
LU0478205379,Xtrackers II EUR Corporate Bond UCITS ETF 1C
LU0290357507,LU0478205379
LU0290357846,
LU0290356954,
LU0290357176,Xtrackers II Eurozone Government Bond 5-7 UCITS ETF 1C
LU0290357259,Xtrackers II Eurozone Government Bond 7-10 UCITS ETF 1C
LU0290355717,Xtrackers II Eurozone Government Bond UCITS ETF 1C
LU0290358224,Xtrackers II Eurozone Inflation-Linked Bond UCITS ETF 1C
LU0378818131,LU0290358224
LU0690964092,
LU0290357929,
LU0908508814,
LU0908508731,
LU1094612022,
LU0613540268,
LU0952581584,
LU0677077884,
LU2504532131,
LU0524480265,
LU0321462953,
LU1109939865,
LU1109943388,
LU0484969463,Xtrackers II Eurozone AAA Gov Bd Swap UCITS ETF
LU2158769930,Xtrackers II Eurozone AAA Gov Bd Swap UCITS ETF
LU2673523218,
LU2673523309,
LU2673523481,
LU2673523564,
LU2673522913,
LU2673523135,
LU2673523051,
LU2809864619,
LU0429458895,Xtrackers II US Treasuries 1-3 UCITS ETF 1D
IE00094GSCQ4,Xtrackers World Equity Enhanced Active UCITS ETF 1C
IE00002ZKAP0,Xtrackers Europe Equity Enhanced Active UCITS ETF 1C
IE0002PGSLZ5,Xtrackers US Equity Enhanced Active UCITS ETF 1C
IE000472H9T4,Xtrackers NASDAQ 100 Swap UCITS ETF 1C
LU1109941689,Xtrackers II Rolling Target Mat. Sept 2027 EUR HY UCITS ETF 1C
LU0839027447,Xtrackers Nikkei 225 UCITS ETF 1D
IE00BG04M077,Xtrackers MSCI USA UCITS ETF 2C - EUR Hedged
LU0942970103,Xtrackers II ESG Global Aggregate Bond UCITS ETF 1D
LU0942970798,Xtrackers II ESG Global Aggregate Bond UCITS ETF 5C - EUR Hedged
LU0290356871,Xtrackers II Eurozone Government Bond 1-3 UCITS ETF 1C
LU1399300455,Xtrackers II US Treasuries UCITS ETF 2D - EUR Hedged
LU0429459356,Xtrackers II US Treasuries UCITS ETF 1D
LU0321465469,Xtrackers II USD Overnight Rate Swap UCITS ETF 1C
LU0643975161,Xtrackers II Germany Government Bond UCITS ETF 1C
LU2673522830,Xtrackers II Target Maturity Sept 2027 EUR Corporate Bond UCITS ETF 1C
LU2810185665,Xtrackers II Target Maturity Sept 2028 EUR Corporate Bond UCITS ETF 1D
LU2809864296,Xtrackers II Target Maturity Sept 2030 EUR Corporate Bond UCITS ETF 1D
LU2809864452,Xtrackers II Target Maturity Sept 2032 EUR Corporate Bond UCITS ETF 1D
LU3116008346,Xtrackers Diversified Portfolio 20% Equity UCITS ETF
LU3116008429,Xtrackers Diversified Portfolio 40% Equity UCITS ETF
LU3116008692,Xtrackers Diversified Portfolio 60% Equity UCITS ETF
LU3116008775,Xtrackers Diversified Portfolio 80% Equity UCITS ETF
IE000F04HGE5,Xtrackers Floating Rate Notes Active UCITS ETF
LU3061478973,Xtrackers Europe Defence Technologies UCITS ETF 1C
LU0292096186,Xtrackers Stoxx Global Select Dividend 100 Swap UCITS ETF 1D
IE000L6ZMMC4,Xtrackers FTSE All-World UCITS ETF
IE000YKHGYN2,Xtrackers FTSE All-World ex US UCITS ETF
IE000X1GW0A7,Xtrackers MSCI World IMI UCITS ETF
IE000O7Q2E56,Xtrackers Electrification Technologies & Smart Grid UCITS ETF
IE000M8F3JA6,Xtrackers Global Growth Leaders Active UCITS ETF
IE000X4A4GV2,Xtrackers Global Equity Top Active UCITS ETF
IE00B4L5Y983,iShares Core MSCI World UCITS ETF
IE000JJPY166,iShares € Cash UCITS ETF EUR (Acc)
IE000P1IQS65,iShares World Equity Enhanced Active UCITS ETF EUR Hedged (Acc)
IE00BLLZQ805,iShares Growth Portfolio UCITS ETF EUR (Acc)
IE00BLP53M98,iShares Conservative Portfolio UCITS ETF EUR (Acc)
IE00BLLZQS08,iShares Moderate Portfolio UCITS ETF EUR (Acc)
IE00BYZK4883,iShares Digitalisation UCITS ETF USD (Acc)
IE000IAXNM41,iShares Europe Defence UCITS ETF EUR (Acc)
IE00BJ5JP212,Trend dei consumi
IE00BG0J4C88,iShares Digital Security UCITS ETF
IE000ROSD5J6,iShares Essential Metals Producers UCITS ETF USD (Acc)
IE000U58J0M1,iShares Global Clean Energy Transition UCITS ETF USD (Acc)
IE000A9G9R73,iShares Space Technologies UCITS ETF USD (Acc)
IE000X59ZHE2,iShares AI Infrastructure UCITS ETF USD (Acc)
IE0009QS7W62,iShares Healthcare Innovation UCITS ETF USD (Acc)
IE00BYZK4669,iShares Ageing Population UCITS ETF USD (Acc)
IE00BYZK4776,iShares MSCI World Health Care Sector Advanced UCITS ETF USD (Acc)
IE00B6R52143,iShares Agribusiness UCITS ETF USD (Acc)
IE00023EZQ82,iShares Digital Entertainment and Education UCITS ETF USD (Acc)
LU1681045537,Amundi MSCI World Ex Europe UCITS ETF - EUR (C)
LU1691909508,Amundi Global Gender Equality UCITS ETF Acc
LU1681048713,Amundi S&P Global Luxury UCITS ETF - USD (C)
DE000ETF9082,Amundi TecDAX UCITS ETF Dist
FR0010821819,Amundi MSCI Europe Ex EMU ESG Selection UCITS ETF Acc
LU1834983634,Amundi STOXX Europe 600 Basic Materials UCITS ETF Acc
LU2082997516,Amundi STOXX Europe 600 Healthcare UCITS ETF Dist
LU2082999215,Amundi STOXX Europe 600 Utilities UCITS ETF Dist
FR0011857234,Amundi MDAX UCITS ETF Dist
LU1681038326,Amundi NASDAQ-100 UCITS ETF - USD (C)
LU2269164310,Equity
LU1681046345,Fixed Income
LU1650487926,Amundi Euro Government Bond 1-3Y UCITS ETF Dist
LU1650488817,Amundi Euro Government Bond 3-5Y UCITS ETF Dist
LU2090062949,Amundi Euro Government Bond 7-10Y UCITS ETF Dist
LU2090062782,Amundi Euro Government Bond 15+Y UCITS ETF Dist
LU1686831030,Amundi J.P. Morgan USD Emerging Markets Bond UCITS ETF EUR Hedged Dist
LU2099296274,Fixed Income
LU1435356495,Amundi USD High Yield Corporate Bond ESG UCITS ETF EUR Hedged Dist
LU1563454823,Amundi Global Aggregate Green Bond UCITS ETF EUR Hedged Acc
FR0010315770,Amundi MSCI World II UCITS ETF Dist
FR0011660927,Amundi MSCI World II UCITS ETF EUR Hedged Dist
FR0010756114,Amundi MSCI World Ex EMU UCITS ETF
FR0007075494,Amundi DJ Global Titans 50 UCITS ETF Dist
LU1829220216,Amundi MSCI All Country World UCITS ETF EUR Acc
FR0014003IY1,Amundi MSCI World II UCITS ETF Acc
FR0014003N93,Amundi MSCI World II UCITS ETF EUR Hedged Acc
FR0013209921,Amundi MSCI World Ex EMU SRI Climate Paris Aligned UCITS ETF Acc
LU1681043599,Amundi MSCI World UCITS ETF - EUR (C)
LU0533032859,Amundi MSCI World Financials UCITS ETF EUR Acc
LU1832418773,Amundi FTSE EPRA NAREIT Global Developed - UCITS ETF Dist
LU0533033667,Amundi MSCI World Information Technology UCITS ETF EUR Acc
LU0533033238,Amundi MSCI World Health Care UCITS ETF EUR Acc
LU0832436512,Amundi Global Equity Quality Income UCITS ETF Dist
LU1681046006,Amundi Global Bioenergy UCITS ETF EUR Acc
LU2023678449,Amundi MSCI Millennials UCITS ETF Acc
FR0014002CH1,Amundi MSCI Water UCITS ETF Acc
FR0010524777,Amundi MSCI New Energy UCITS ETF Dist
LU2023678878,Amundi MSCI Digital Economy UCITS ETF Acc
FR0010930644,Amundi Global Hydrogen UCITS ETF - Acc
FR0010527275,Amundi MSCI Water UCITS ETF Dist
LU1900066033,Amundi MSCI Semiconductors UCITS ETF Acc
FR0014002CG3,Amundi MSCI New Energy UCITS ETF Acc
LU2023679090,Amundi MSCI Smart Mobility UCITS ETF Acc
LU2023678282,Amundi MSCI Disruptive Technology UCITS ETF Acc
LU2216829809,Amundi MSCI World Catholic Principles UCITS ETF Acc
LU1681048630,Amundi S&P Global Luxury UCITS ETF - EUR (C)
LU0252633754,Amundi DAX III UCITS ETF Acc
FR0007052782,Amundi CAC 40 UCITS ETF Dist
FR0010010827,Amundi FTSE MIB UCITS ETF Dist
LU2240851688,Amundi DAX 50 ESG UCITS ETF DR - EUR (C)
LU1681046931,Amundi CAC 40 ESG UCITS ETF DR - EUR (C)
LU1681044993,Amundi MSCI Switzerland UCITS ETF - CHF (C)
LU2090062436,Amundi DAX III UCITS ETF Dist
LU1681047079,Amundi CAC 40 ESG UCITS ETF DR - EUR (D)
FR0013380607,Amundi CAC 40 UCITS ETF Acc
LU1681044720,Amundi MSCI Switzerland UCITS ETF - EUR (C)
FR0010251744,Amundi IBEX 35 UCITS ETF Dist
FR0010655746,Amundi IBEX 35 UCITS ETF Acc
FR0014002H76,Amundi FTSE MIB UCITS ETF Acc
LU2195226068,Amundi S&P Eurozone Climate Paris Aligned UCITS ETF Acc
LU1602144575,Amundi MSCI EMU ESG Selection UCITS ETF DR - EUR (C)
LU2182388582,Amundi MSCI EMU Climate Paris Aligned UCITS ETF Acc
LU2109787635,Amundi MSCI EMU SRI Climate Paris Aligned UCITS ETF DR (C)
FR0007054358,Amundi EURO STOXX 50 II UCITS ETF Acc
LU1861137484,Amundi MSCI Europe SRI Climate Paris Aligned UCITS ETF DR (C)
LU1940199711,Amundi MSCI Europe ESG Selection UCITS ETF Acc
LU1681042609,Amundi MSCI Europe ESG Broad Transition UCITS ETF DR - EUR (C)
LU1681044647,Amundi MSCI Nordic UCITS ETF - EUR (C)
LU2130768844,Amundi MSCI Europe Climate Paris Aligned UCITS ETF Acc
FR0010261198,Amundi MSCI Europe II UCITS ETF Acc
FR0010790980,Amundi Stoxx Europe 50 UCITS ETF
LU2059756598,Amundi MSCI Europe SRI Climate Paris Aligned UCITS ETF DR (D)
DE000ETF9603,Amundi STOXX Europe 600 ESG II UCITS ETF Dist
LU1940199984,Amundi MSCI Europe ESG Selection UCITS ETF EUR Hedged Acc
LU1834988278,Amundi STOXX Europe 600 Energy Screened UCITS ETF Acc
LU1834986900,Amundi STOXX Europe 600 Healthcare UCITS ETF Acc
LU1812091194,Amundi FTSE Epra Europe Real Estate UCITS ETF - EUR (D)
LU1834988781,Amundi STOXX Europe 600 Consumer Discretionary UCITS ETF Acc
LU1834987973,Amundi STOXX Europe 600 Insurance UCITS ETF Acc
LU1834983477,Amundi STOXX Europe 600 Banks UCITS ETF Acc
LU1834987890,Amundi STOXX Europe 600 Industrials UCITS ETF Acc
LU1834988518,Amundi STOXX Europe 600 Technology UCITS ETF Acc
LU1681039480,Amundi FTSE Epra Europe Real Estate UCITS ETF - EUR (C)
LU1834988864,Amundi STOXX Europe 600 Utilities UCITS ETF Acc
LU1834988609,Amundi STOXX Europe 600 Telecommunications UCITS ETF Acc
LU1829219390,Amundi Euro Stoxx Banks UCITS ETF Acc
LU2082998167,Amundi STOXX Europe 600 Energy Screened UCITS ETF Dist
LU2082996112,Amundi STOXX Europe 600 Banks UCITS ETF Dist
LU1834985845,Amundi STOXX Europe 600 Consumer Staples UCITS ETF Acc
LU1834983550,Amundi STOXX Europe 600 Basic Resources UCITS ETF Acc
LU2082997946,Amundi STOXX Europe 600 Insurance UCITS ETF Dist
LU1812092168,Amundi Stoxx Europe Select Dividend 30 - UCITS ETF Dist
LU1681042518,Amundi MSCI Europe Value Factor UCITS ETF - EUR (C)
LU1598688189,Amundi MSCI Europe Growth UCITS ETF Dist
LU0959210781,Amundi S&P Eurozone Dividend Aristocrat Screened UCITS ETF Acc
LU1598690169,Amundi MSCI EMU Value Factor UCITS ETF Dist
DE000ETF9033,Amundi DivDax II UCITS ETF Dist
LU1681041973,Amundi MSCI Europe High Dividend Factor UCITS ETF - EUR (C)
LU1681041890,Amundi MSCI Europe Quality Factor UCITS ETF - EUR (C)
LU1681041627,Amundi MSCI Europe Minimum Volatility Factor UCITS ETF - EUR (C)
LU1681042435,Amundi MSCI Europe Growth UCITS ETF Acc
LU1681041460,Amundi MSCI Europe Momentum Factor UCITS ETF - EUR (C)
LU1598689153,Amundi MSCI EMU Small Cap ESG Broad Transition UCITS ETF DIST
FR0007056841,Amundi Dow Jones Industrial Average UCITS ETF Dist
LU1681049018,Amundi S&P 500 UCITS ETF - USD (C)
LU1681038599,Amundi NASDAQ-100 UCITS ETF - Daily Hedged EUR (C)
LU1829221024,Amundi Nasdaq-100 II UCITS ETF Acc
LU1681049109,Amundi S&P 500 UCITS ETF - DAILY HEDGED EUR (C)
LU1681048804,Amundi S&P 500 UCITS ETF - EUR (C)
LU2197908721,Amundi Nasdaq-100 II UCITS ETF Dist
LU1681038243,Amundi NASDAQ-100 UCITS ETF - EUR (C)
LU1589349734,Amundi MSCI USA Minimum Volatility Factor UCITS ETF (C)
LU1681038672,Amundi Russell 2000 UCITS ETF - EUR (C)
LU1681048127,Amundi S&P 500 Buyback UCITS ETF - EUR (C)
FR0010245514,Amundi Japan TOPIX II UCITS ETF EUR Dist
LU0496786905,Amundi Australia S&P/ASX 200 UCITS ETF Dist
LU1602144732,Amundi MSCI Japan ESG Broad Transition UCITS ETF EUR Acc
LU1681037864,Amundi Japan Topix UCITS ETF - DAILY HEDGED EUR (C)
FR0011475078,Amundi Japan TOPIX II UCITS ETF EUR Hedged Dist
LU1681038912,Amundi JPX-Nikkei 400 UCITS ETF - EUR (C)
LU1681039134,Amundi JPX-Nikkei 400 UCITS ETF - DAILY HEDGED EUR (C)
LU1900068328,Amundi MSCI AC Asia Pacific Ex Japan UCITS ETF Acc
LU1900068161,Amundi MSCI AC Asia Ex Japan UCITS ETF Acc
LU2009202107,Amundi MSCI Emerging Ex China UCITS ETF Acc
LU2109787049,Amundi MSCI Emerging Markets ESG Broad Transition UCITS ETF DR (C)
LU1861138961,Amundi MSCI Emerging Markets SRI Climate Paris Aligned UCITS ETF DR (C)
LU2109787551,Amundi MSCI Emerging Markets ESG Selection UCITS ETF DR (C)
FR0010429068,Amundi MSCI Emerging Markets III UCITS ETF EUR Acc
LU1900068914,Amundi MSCI China ESG Selection Extra UCITS ETF Acc
LU1900067940,Amundi MSCI China ESG Selection Extra UCITS ETF Dist
LU1681043086,Amundi MSCI India UCITS ETF - EUR (C)
LU1900066975,Amundi MSCI Korea UCITS ETF Acc
LU1900065811,Amundi MSCI Indonesia UCITS ETF Acc
LU1900067601,Amundi MSCI Turkey UCITS ETF Acc
FR0011720911,Amundi MSCI China A UCITS ETF Acc
FR0010405431,Amundi MSCI Greece UCITS ETF Dist
FR0010361683,Amundi MSCI India II UCITS ETF EUR Acc
LU1900066207,Amundi MSCI Brazil UCITS ETF Acc
LU1900066462,Amundi MSCI Eastern Europe Ex Russia UCITS ETF Acc
LU1681044480,Amundi MSCI Em Asia UCITS ETF - EUR (C)
LU1287022708,Amundi Pan Africa UCITS ETF Acc
LU1681043912,Amundi MSCI China Tech UCITS ETF EUR
LU1437018598,Amundi Euro Government Bond UCITS ETF Acc
LU1737653714,Amundi Euro Government Bond UCITS ETF Dist
FR0010754200,Amundi Govies 0-6 Months Euro Investment Grade UCITS ETF DR (C)
LU1650489385,Amundi Euro Government Bond 10-15Y UCITS ETF Acc
LU1829219713,Fixed Income
LU1681046774,Fixed Income
LU1681046691,Fixed Income
LU1650487413,Amundi Euro Government Bond 1-3Y UCITS ETF Acc
LU1287023003,Amundi Euro Government Bond 5-7Y UCITS ETF Acc
LU1287023268,Amundi Euro Government Bond 15+Y UCITS ETF Acc
LU1598691217,Amundi Italy BTP Government Bond 10Y UCITS ETF Acc
LU1287023342,Amundi Euro Highest Rated Macro-Weighted Government Bond UCITS ETF Acc
LU2356220926,Amundi Euro Government Green Bond UCITS ETF Acc
LU1681046261,Amundi Euro Government Tilted Green Bond UCITS ETF Acc
LU1650488494,Amundi Euro Government Bond 3-5Y UCITS ETF Acc
LU1287023185,Amundi Euro Government Bond 7-10Y UCITS ETF Acc
LU1650489898,Amundi Euro Government Bond 10-15Y UCITS ETF Dist
LU2090062865,Amundi Euro Government Bond 5-7Y UCITS ETF Dist
LU1829219556,Fixed Income
LU1598691050,Amundi Italy BTP Government Bond 1-3Y UCITS ETF Dist
LU1437016204,Amundi Index J.P. Morgan GBI Global Govies UCITS ETF DR (C)
LU1708330235,Fixed Income
LU1681041205,Amundi J.P. Morgan USD Emerging Markets Bond UCITS ETF Acc
LU1686830909,Amundi J.P. Morgan USD Emerging Markets Bond UCITS ETF Dist
LU1650491282,Amundi Euro Government Inflation-Linked Bond UCITS ETF Acc
LU1650491795,Amundi Euro Government Inflation-Linked Bond UCITS ETF Dist
LU1437018168,Amundi EUR Corporate Bond ESG UCITS ETF DR (C)
LU1525418643,Amundi EUR Corporate Bond 1-5Y ESG UCITS ETF Acc
LU1681040496,Amundi Euro High Yield Bond ESG UCITS ETF Acc
LU2037748774,Amundi EUR Corporate Bond 0-3Y ESG UCITS ETF DR (C)
LU1617164998,Amundi EUR Short Term High Yield Corporate Bond ESG UCITS ETF Dist
LU1829219127,Amundi EUR Corporate Bond Climate Paris Aligned UCITS ETF Acc
LU1829218822,Amundi EUR Corporate Bond ex-Financials ESG UCITS ETF Acc
LU1681039647,Amundi EUR Corporate Bond ESG UCITS ETF 2 DR - EUR (C)
LU1681041114,Amundi EUR Floating Rate Corporate Bond ESG UCITS ETF Acc
LU1215415214,Amundi Euro High Yield Bond ESG UCITS ETF Dist
LU2370241684,Amundi Corporate Proceeds Bond UCITS ETF Acc
LU2099295466,Amundi Global High Yield Corporate Bond ESG UCITS ETF DR - USD (C)
LU1525418726,Amundi Global Corporate Bond 1-5Y ESG UCITS ETF DR (C)
LU1285959703,Amundi USD Corporate Bond Climate Paris Aligned UCITS ETF Dist
LU1681040900,Amundi USD Floating Rate Corporate Bond ESG UCITS ETF Acc
LU1681041031,Amundi USD Floating Rate Corporate Bond ESG UCITS ETF EUR Hedged Acc
LU1435356149,Amundi USD High Yield Corporate Bond ESG UCITS ETF Dist
LU1806495575,Amundi USD Corporate Bond ESG UCITS ETF DR (C)
LU1285959885,Amundi USD Corporate Bond Climate Paris Aligned UCITS ETF Acc
LU1285960032,Fixed Income
LU1435356065,Amundi USD High Yield Corporate Bond ESG UCITS ETF Acc
LU2182388236,Amundi Euro Aggregate Bond ESG UCITS ETF DR (C)
LU1563454310,Amundi Global Aggregate Green Bond UCITS ETF Acc
LU1563454401,Amundi Global Aggregate Green Bond UCITS ETF Dist
LU1981859819,Amundi Global Aggregate Proceeds Bond 1-10Y UCITS ETF Acc
LU1900069219,Broad Commodities
LU1829218749,Amundi Bloomberg Equal-weight Commodity ex-Agriculture UCITS ETF Acc
DE000ETF7011,Amundi Multi-Asset Portfolio UCITS ETF Dist
DE000ETF7029,Amundi Multi-Asset Portfolio Defensive UCITS ETF Dist
DE000ETF7037,Amundi Multi-Asset Portfolio Offensive UCITS ETF Dist
IE00085PWS28,Amundi MSCI World Ex USA UCITS ETF Acc
IE0009BI8Z04,Amundi MSCI World Ex USA UCITS ETF Dist
IE0001GSQ2O9,Amundi MSCI World ESG Broad Transition UCITS ETF Acc
LU2572257124,Amundi MSCI World III UCITS ETF Dist
LU1681043672,Amundi MSCI World UCITS ETF - USD (C)
LU2655993207,Amundi MSCI World UCITS ETF - EUR (D)
LU1829220133,Amundi MSCI All Country World UCITS ETF USD Acc
IE000KYX7IP4,Amundi S&P World Financials Screened UCITS ETF Acc
LU1681046188,Amundi Global Bioenergy UCITS ETF USD Acc
LU1861132840,Amundi MSCI Robotics & AI UCITS ETF Acc
LU2090063327,Amundi MSCI Semiconductors UCITS ETF Dist
LU2037748345,Amundi MSCI Smart Cities UCITS ETF ACC
LU1681037518,Amundi Italy MIB ESG UCITS ETF DR - EUR (C)
LU0908501132,Amundi MSCI EMU ESG Broad Transition UCITS ETF DIST
LU1437015735,Amundi Index MSCI Europe UCITS ETF DR (C)
LU1574142243,Amundi Stoxx Europe 600 UCITS ETF EUR Hedged Dist
LU1681040223,Amundi Stoxx Europe 600 ESG UCITS ETF Acc
LU0959210278,Amundi S&P Eurozone Dividend Aristocrat Screened UCITS ETF Dist
LU2611732558,Amundi Euro Stoxx Select Dividend30 UCITS ETF Dist
LU2611731741,Amundi DIVDAX UCITS ETF Dist
LU3038520774,Amundi Stoxx Europe Defense UCITS ETF Acc
IE000KXCEXR3,Amundi S&P 500 Screened UCITS ETF - Acc
LU2991918421,Amundi S&P 500 Equal Weight UCITS ETF Acc
IE000PEAJOT0,Amundi MSCI USA ESG Selection UCITS ETF Acc
IE0008TKP6O7,Amundi MSCI USA ESG Selection Extra UCITS ETF DR - USD (D)
LU2391437253,Amundi S&P 500 UCITS ETF - USD (D)
IE000IP0UC52,Amundi MSCI USA ESG Selection UCITS ETF Acc EUR Hedged
IE0004TFW0R5,Amundi MSCI USA ESG Selection Extra UCITS ETF ACC EUR Hedged
IE000LAP5Z18,Amundi S&P 500 Equal Weight ESG UCITS ETF Acc
IE000R85HL30,Amundi MSCI USA SRI Climate Paris Aligned UCITS ETF Acc
IE000M86QRT4,Amundi S&P 500 Equal Weight ESG UCITS ETF EUR Hedged Acc
IE0000U24AJ9,Amundi MSCI USA SRI Climate Paris Aligned UCITS ETF Acc EUR Hedged
IE00058B19U6,Amundi S&P 500 Climate Paris Aligned UCITS ETF Acc EUR Hedged
LU1954152853,Amundi Nasdaq-100 II UCITS ETF EUR Hedged Acc
IE00058MW3M8,Amundi S&P 500 Screened UCITS ETF - Acc EUR Hedged
IE000XL4IXU1,Amundi MSCI USA Ex Mega Cap UCITS ETF Acc
IE000YBGJ9I4,Amundi MSCI USA Mega Cap UCITS ETF Acc
LU1437017350,Amundi Index MSCI Emerging Markets UCITS ETF DR (C)
LU1737652583,Amundi Index MSCI Emerging Markets UCITS ETF DR (D)
LU1437024729,Amundi Global Aggregate Bond UCITS ETF DR (C)
LU1190417599,Amundi Smart Overnight Return UCITS ETF Acc
LU2082999306,Amundi Smart Overnight Return UCITS ETF Dist
FR0010510800,Amundi EUR Overnight Return UCITS ETF Acc
FR0013416716,AMUNDI PHYSICAL GOLD ETC (C)
LU2872292243,Amundi Lifecycle 2039 UCITS ETF Acc
LU2872292169,Amundi Lifecycle 2036 UCITS ETF Acc
LU2872291948,Amundi Lifecycle 2030 UCITS ETF Acc
LU2872292086,Amundi Lifecycle 2033 UCITS ETF Acc
FR0011758085,Amundi FTSE Italia PMI PIR 2020 UCITS ETF Acc
LU2611731824,Amundi NYSE Arca Gold Bugs UCITS ETF Dist
FR0000021842,Amundi BEL 20 UCITS ETF Dist
LU2611732475,Amundi SDAX UCITS ETF Dist
FR0010435297,Amundi MSCI Emerging Markets III UCITS ETF USD Acc
FR0010375766,Amundi MSCI India II UCITS ETF USD Acc
LU1681043169,Amundi MSCI India UCITS ETF - USD (C)
LU2090063160,Amundi MSCI Eastern Europe Ex Russia UCITS ETF Dist
LU1681044050,Amundi MSCI China Tech UCITS ETF USD
LU0832435464,Amundi S&P 500 VIX Futures Enhanced Roll UCITS ETF Acc
